Code Opérateur;Id Offre;Date Événement;Titre Offre
RATPLY;305;15/04/2025 18:05;responsable achat
RATPLY;304;15/04/2025 18:05;technicien contrôle intervention dci ml et sia  en rythme alterné
RATPLY;303;14/04/2025 18:05;responsable formation et sécurité ferroviaire
RATPLY;302;14/04/2025 18:05;chef d?equipe maintenance métro / tramway
KEOLY;301;14/04/2025 18:00;responsable de lignes
KEOLY;300;11/04/2025 18:00;technicien méthodes
RATPLY;299;09/04/2025 18:05;conducteur tramway avec des missions de contrôle en rythme alterné
RATPLY;298;08/04/2025 18:05;vivier formateur tramway
KEOLY;297;08/04/2025 18:00;superviseur pc bus
KEOLY;296;08/04/2025 18:00;chargé d'études et méthodes cdd
RATPLY;295;07/04/2025 18:05;conducteur de métro
KEOLY;294;05/04/2025 18:00;chargé de coordination nettoyage
RATPLY;293;03/04/2025 18:05;chef de groupe département contrôle et intervention
RU;292;02/04/2025 18:10;ingénieur.e systèmes et exploitation - supervision
RU;291;02/04/2025 18:10;ingénieur·e cloud azure et o365
RU;290;02/04/2025 08:10;chef de projets si
RATPLY;289;01/04/2025 18:05;chefs de bord dci -
RATPLY;288;01/04/2025 18:05;chef d?equipe maintenance corrective métro
RATPLY;287;27/03/2025 18:05;stagiaire reporting sécurité et lutte contre la fraude
RATPLY;286;20/03/2025 18:05;manager de proximité maintenance automatismes métro
RU;285;19/03/2025 18:10;chargé.e de service communication commerciale
RU;284;19/03/2025 18:10;chef de projet opérationnel
RATPLY;283;19/03/2025 18:05;chargé de relations clientèle
RATPLY;282;19/03/2025 08:05;contrôleurs de titres de transport
RATPLY;281;17/03/2025 18:05;responsable qvct
RATPLY;280;17/03/2025 18:05;project management officer (pmo) - modernisation métro
RATPLY;279;12/03/2025 18:05;chef de projet modernisation métro - spécialité énergie
RATPLY;278;11/03/2025 18:05;magasinier/logisticien
RATPLY;277;11/03/2025 18:05;responsable interfaces
RATPLY;276;11/03/2025 18:05;chargé de mission opérations de contrôle
RATPLY;275;11/03/2025 18:05;technicien signalisation ferroviaire
RATPLY;274;11/03/2025 18:05;chargé de reporting sécurité et lutte contre la fraude
RU;273;10/03/2025 18:10;chargé.e de relation clientèle - allo tcl
RU;272;06/03/2025 18:10;responsable info mobilité
RU;271;05/03/2025 18:10;chargé.e de missions rh
RU;270;03/03/2025 18:10;ingénieur.e data
RU;269;03/03/2025 18:10;développeur.se full-stack
KEOLY;268;27/02/2025 18:00;opérateur/opératrice information voyageurs
RATPLY;267;19/02/2025 18:05;agents de ligne a en vivier -
RATPLY;266;19/02/2025 18:05;agent de ligne d en vivier-
RATPLY;265;06/02/2025 18:05;stagiaire chargé de missions management de l'énergie
RU;264;06/02/2025 08:10;ingénieur poste de travail (alternance)
RU;263;06/02/2025 08:10;ingénieur.e cloud et infrastructure ? spécialisation azure
RU;262;06/02/2025 08:10;ingénieur.e réseaux télécoms et sécurité
RU;261;06/02/2025 08:10;ingénieur.e systèmes et exploitation - supervision
RATPLY;260;05/02/2025 18:06;responsable de secteur - ligne b -
RATPLY;259;05/02/2025 18:06;opérateur pc sécurité
RU;258;04/02/2025 08:10;administrateur billettique
RATPLY;257;30/01/2025 18:05;dessinateur documentation terrain
KEOLY;256;30/01/2025 18:00;contrôleur de gestion opérationnel
RU;255;29/01/2025 18:10;contrôleur maintenance billettique
KEOLY;254;29/01/2025 18:00;gestionnaire parc bus
KEOLY;253;29/01/2025 18:00;animateur hygiène sécurité environnement
RU;252;28/01/2025 18:10;contract manager (responsable de contrats)
RATPLY;251;28/01/2025 18:05;gestionnaire de biens
RU;250;28/01/2025 08:10;graphiste
RU;249;28/01/2025 08:10;chargé.e de communication digitale et réseaux sociaux
RU;248;28/01/2025 08:10;chargé d'information voyageurs fixe et signalétique
RU;247;28/01/2025 08:10;chargé de relation clientèle
RU;246;28/01/2025 08:10;assistant.e de direction
RATPLY;245;28/01/2025 08:05;conducteur de tramway
KEOLY;244;28/01/2025 08:00;responsable ligne subdéléguées
KEOLY;243;28/01/2025 08:00;conducteur de bus
KEOLY;242;28/01/2025 08:00;chef d'équipe maintenance concours maitrise
KEOLY;241;28/01/2025 08:00;régulateur pc bus concours maitrise
KEOLY;240;27/01/2025 18:00;chargé de mission kpi
KEOLY;239;27/01/2025 18:00;magasinier
RU;238;25/01/2025 17:42;chargé de parcours digitaux
RU;237;25/01/2025 17:42;chargé.e d'information voyageurs
RU;236;25/01/2025 17:42;chargé de systèmes de distribution et billettique
RU;235;25/01/2025 17:42;administrateur.rice fonctionnel
RU;234;25/01/2025 17:42;gestionnaire de stocks / magasinier
RU;233;25/01/2025 17:42;chargé.e d'actions commerciales
RU;232;25/01/2025 17:42;chargé de reporting
RU;231;24/01/2025 18:10;chargé de reporting
RATPLY;230;24/01/2025 18:05;magasinier/logisticien
RATPLY;229;24/01/2025 18:05;technicien de maintenance electronique
RU;228;23/01/2025 18:10;gestionnaire de stocks / magasinier
RATPLY;227;23/01/2025 18:05;responsable système de management intégré
RATPLY;226;22/01/2025 18:05;métallier
RATPLY;225;22/01/2025 18:05;chef de section signalisation tramway
RU;224;21/01/2025 18:10;graphiste
KEOLY;223;21/01/2025 18:00;animateur hygiène sécurité environnement
KEOLY;222;21/01/2025 18:00;chargé de mission kpi
RU;221;20/01/2025 22:41;contrôleur maintenance billettique
RU;220;20/01/2025 22:41;chargé de parcours digitaux
RU;219;20/01/2025 22:41;chargé d'information voyageurs
RU;218;20/01/2025 22:41;chargé.e d'actions commerciales
RU;217;20/01/2025 22:41;chargé.e de communication digitale et réseaux sociaux
RU;216;20/01/2025 22:41;chargé de systèmes de distribution et billettique
RU;215;20/01/2025 22:41;administrateur fonctionnel
RATPLY;214;17/01/2025 18:05;chargé de coordination de la médiation et des dispositifs terrain
RATPLY;213;17/01/2025 18:05;chargé de coordination de l'information voyageurs
KEOLY;212;16/01/2025 18:00;responsable ressources humaines de proximité
RATPLY;211;15/01/2025 18:05;chargé de reporting interfaces
RATPLY;210;15/01/2025 18:05;juriste stagiaire
RATPLY;209;15/01/2025 18:05;coordinateur de travaux ferroviaires
RATPLY;208;13/01/2025 18:05;juriste
KEOLY;207;11/01/2025 16:45;futur conducteur de bus
KEOLY;206;11/01/2025 16:45;conducteur de bus
KEOLY;205;11/01/2025 16:45;magasinier
KEOLY;204;11/01/2025 16:45;responsable ligne subdéléguées
KEOLY;203;11/01/2025 16:45;infirmier entreprise
KEOLY;202;11/01/2025 16:45;gestionnaire parc bus
KEOLY;201;11/01/2025 16:45;asset manager
KEOLY;200;11/01/2025 16:45;carrossier peintre
KEOLY;199;11/01/2025 16:45;mécanicien
KEOLY;198;11/01/2025 16:45;manager intégration conducteurs bus
KEOLY;197;11/01/2025 16:45;responsable ressources humaines cdd
KEOLY;196;11/01/2025 16:45;alternant conduite/contrôleur dci
RATPLY;195;10/01/2025 18:06;régulateurs pc métro lignes a/c en vivier
RATPLY;194;10/01/2025 18:06;régulateur pc métro ligne d en vivier
RATPLY;193;10/01/2025 18:06;opérateur pc sécurité en vivier
RATPLY;192;10/01/2025 08:05;manager maintenance métro (contremaitre d?atelier)
RATPLY;191;09/01/2025 18:05;manager de proximité maintenance systèmes métro
RATPLY;190;09/01/2025 18:05;chef d?equipe maintenance funiculaire
RATPLY;189;07/01/2025 18:05;technicien maintenance métro/tramway
RATPLY;188;07/01/2025 18:05;coordinateur sous-traitance ? technicien ferroviaire
KEOLY;187;07/01/2025 18:00;chargé de coordination signalétique
KEOLY;186;07/01/2025 18:00;coordinateur securite
KEOLY;185;07/01/2025 18:00;métallier
KEOLY;184;07/01/2025 18:00;technicien projet energie
RATPLY;183;06/01/2025 18:05;conducteur de tramway
